{
  "categories": [
    {
      "id": 1,
      "name": "玄幻",
      "description": "修仙、异世界、魔法等奇幻题材",
      "keywords": ["修仙", "仙侠", "异世界", "魔法", "灵气", "修炼", "境界", "法宝", "丹药", "宗门"],
      "tags": ["#玄幻", "#修仙", "#异世界", "#魔法", "#仙侠", "#奇幻"]
    },
    {
      "id": 2,
      "name": "都市",
      "description": "现代都市生活、职场、商战等题材",
      "keywords": ["都市", "现代", "职场", "商战", "公司", "办公室", "城市", "生活", "工作", "商业"],
      "tags": ["#都市", "#现代", "#职场", "#商战", "#生活", "#现实"]
    },
    {
      "id": 3,
      "name": "言情",
      "description": "爱情为主题，包含甜宠、虐恋等",
      "keywords": ["爱情", "恋爱", "甜宠", "虐恋", "暗恋", "初恋", "婚恋", "情感", "浪漫", "心动"],
      "tags": ["#言情", "#爱情", "#甜宠", "#虐恋", "#浪漫", "#情感"]
    },
    {
      "id": 4,
      "name": "科幻",
      "description": "科幻未来、星际、机甲等题材",
      "keywords": ["科幻", "未来", "星际", "机甲", "宇宙", "太空", "外星", "科技", "时空", "虚拟现实"],
      "tags": ["#科幻", "#未来", "#星际", "#机甲", "#太空", "#科技"]
    },
    {
      "id": 5,
      "name": "历史",
      "description": "古代历史、穿越、重生等题材",
      "keywords": ["历史", "古代", "穿越", "重生", "朝代", "皇帝", "宫廷", "江湖", "武侠", "古风"],
      "tags": ["#历史", "#古代", "#穿越", "#重生", "#宫廷", "#武侠"]
    },
    {
      "id": 6,
      "name": "悬疑",
      "description": "推理、悬疑、恐怖、犯罪等题材",
      "keywords": ["悬疑", "推理", "恐怖", "犯罪", "侦探", "谋杀", "案件", "调查", "线索", "真相"],
      "tags": ["#悬疑", "#推理", "#恐怖", "#犯罪", "#侦探", "#惊悚"]
    },
    {
      "id": 7,
      "name": "系统",
      "description": "系统流、游戏穿越、数据面板等",
      "keywords": ["系统", "游戏", "数据", "面板", "升级", "任务", "奖励", "属性", "技能", "等级"],
      "tags": ["#系统", "#游戏", "#升级", "#数据", "#任务", "#技能"]
    },
    {
      "id": 8,
      "name": "校园",
      "description": "校园生活、青春、学生时代等题材",
      "keywords": ["校园", "学校", "学生", "青春", "同学", "老师", "考试", "毕业", "青涩", "成长"],
      "tags": ["#校园", "#青春", "#学生", "#成长", "#同学", "#毕业"]
    }
  ],
  "commonTags": [
    "#热血", "#爽文", "#打脸", "#装逼", "#逆袭", "#复仇", "#天才", "#废材", "#强者", "#弱者",
    "#霸总", "#娇妻", "#宠文", "#虐文", "#HE", "#BE", "#暖文", "#治愈", "#搞笑", "#轻松",
    "#燃向", "#致郁", "#反转", "#悬念", "#高甜", "#无虐", "#双洁", "#1V1", "#多CP", "#群像"
  ]
}