{
  "comments": [
    {
      "id": 1,
      "novelId": 1,
      "userId": 2,
      "parentId": null,
      "level": 0,
      "content": "这个故事开头就很吸引人！霸总和小娇妻的设定很经典，期待后续的发展。",
      "likes": 5,
      "likedUsers": [
        1,
        3,
        4
      ],
      "createTime": "2025-07-30T10:30:00Z",
      "updateTime": "2025-07-30T10:30:00Z",
      "replies": [
        2,
        3
      ],
      "isDeleted": false
    },
    {
      "id": 2,
      "novelId": 1,
      "userId": 3,
      "parentId": 1,
      "level": 1,
      "content": "是的！林小雨的角色很真实，能感受到她的紧张和不安。",
      "likes": 2,
      "likedUsers": [
        2,
        4
      ],
      "createTime": "2025-07-30T11:15:00Z",
      "updateTime": "2025-07-30T11:15:00Z",
      "replies": [],
      "isDeleted": false
    },
    {
      "id": 3,
      "novelId": 1,
      "userId": 4,
      "parentId": 1,
      "level": 1,
      "content": "@testuser 同感！而且顾景深的出场方式很帅气，黑色劳斯莱斯配上他冷漠的气质，简直完美！",
      "likes": 8,
      "likedUsers": [
        1,
        2,
        3
      ],
      "createTime": "2025-07-30T12:00:00Z",
      "updateTime": "2025-07-30T12:00:00Z",
      "replies": [
        4
      ],
      "isDeleted": false
    },
    {
      "id": 4,
      "novelId": 1,
      "userId": 2,
      "parentId": 3,
      "level": 2,
      "content": "哈哈，确实很有霸总范儿！不过我更期待看到他温柔的一面。",
      "likes": 3,
      "likedUsers": [
        3,
        4
      ],
      "createTime": "2025-07-30T12:30:00Z",
      "updateTime": "2025-07-30T12:30:00Z",
      "replies": [],
      "isDeleted": false
    },
    {
      "id": 5,
      "novelId": 1,
      "userId": 1,
      "parentId": null,
      "level": 0,
      "content": "文笔很流畅，人物对话也很自然。希望作者能保持这个水准继续更新！💪",
      "likes": 12,
      "likedUsers": [
        2,
        3,
        4
      ],
      "createTime": "2025-07-30T13:45:00Z",
      "updateTime": "2025-07-30T13:45:00Z",
      "replies": [],
      "isDeleted": false
    },
    {
      "id": 6,
      "novelId": 2,
      "userId": 3,
      "parentId": null,
      "level": 0,
      "content": "校园文的纯真感觉真好！江城这个学霸男主很有魅力，温和又有实力。",
      "likes": 6,
      "likedUsers": [
        1,
        2,
        4
      ],
      "createTime": "2025-07-30T14:20:00Z",
      "updateTime": "2025-07-30T14:20:00Z",
      "replies": [
        7
      ],
      "isDeleted": false
    },
    {
      "id": 7,
      "novelId": 2,
      "userId": 4,
      "parentId": 6,
      "level": 1,
      "content": "苏小暖也很可爱！两个人的互动很甜，让人回想起学生时代的美好。",
      "likes": 4,
      "likedUsers": [
        1,
        2,
        3
      ],
      "createTime": "2025-07-30T15:10:00Z",
      "updateTime": "2025-07-30T15:10:00Z",
      "replies": [],
      "isDeleted": false
    },
    {
      "id": 8,
      "novelId": 1,
      "userId": 4,
      "parentId": null,
      "level": 0,
      "content": "哈哈哈有点搞笑撒",
      "likes": 0,
      "createTime": "2025-07-31T04:54:35.203Z",
      "updateTime": "2025-07-31T04:54:35.203Z",
      "replies": [],
      "isDeleted": false
    },
    {
      "id": 9,
      "novelId": 15,
      "userId": 4,
      "parentId": null,
      "level": 0,
      "content": "吃饭饭",
      "likes": 0,
      "createTime": "2025-07-31T15:10:07.055Z",
      "updateTime": "2025-07-31T15:10:07.055Z",
      "replies": [],
      "isDeleted": false
    }
  ]
}